Madiha ambrien,mallapaly,madihaambarien22@gmail.com,07207815854,10,Prenatal education,Fun.jpeg
ayesha hania,nana nagar,bilalboxer2005@gmail.com,123456789,5,deliveries,download.jpeg
Nooren Fatima,noor khan bazar,160423737006@mjcet.ac.in,9876543210,8,"Birth planning

Emotional preparation

Nutrition & wellness guidance",Female_avatar_blonde_woman_portrait__Vector_illustration_of_a_female_character_in_a_modern_color_style.jpeg
akifa begum,lakdikapool,bilal40960@gmail.com,4567891230,20,"Prenatal education

Birth planning

Emotional preparation

Nutrition & wellness guidance

Pregnancy relaxation techniques",A_drawing_of_an_old_woman_with_a_flowered_headband_A_Muslim_old_women_vector_illustration___Premium_AI-generated_vector.jpeg
